customer_id,address,city,postal_code,country
84,03 Stone Corner Street,General Conesa,8503,Argentina
80,1349 Boyd Hill,Reconquista,3560,Argentina
12,8 Troy Alley,Las Varillas,5940,Argentina
82,2924 Morrow Trail,Villa General Belgrano,5195,Argentina
56,2 Utah Way,Almafuerte,3317,Argentina
4,61 Crownhardt Circle,San Antonio Oeste,8520,Argentina
34,6257 Carpenter Road,Guatraché,6311,Argentina
94,33563 Green Pass,San Nicolás de los Arroyos,2900,Argentina
13,38 Waywood Way,Tocopilla,,Chile
85,41 Golf Crossing,Florentino Ameghino,9113,Argentina
60,9960 Eagan Junction,Lobos,7240,Argentina
52,3 Bonner Avenue,Libertador General San Martín,4514,Argentina
32,41 Kensington Lane,Belén de Escobar,1625,Argentina
12,31 Holy Cross Trail,La Plata,5713,Argentina
57,0180 Glendale Place,Pampa de los Guanacos,3181,Argentina
7,7165 Dayton Alley,La Eduvigis,2841,Argentina
78,4100 Chinook Way,Cruz de los Milagros,3441,Argentina
99,66 Mariners Cove Place,Villarrica,,Chile
25,006 Manufacturers Road,Goya,3450,Argentina
28,44902 Waywood Alley,La Floresta,,Uruguay
36,07526 North Court,Lautaro,,Chile
31,90159 Delladonna Street,La Serena,,Chile
20,4 Petterle Court,Capayán,4726,Argentina
85,7 Eggendart Plaza,Baltasar Brum,,Uruguay
94,7280 Laurel Trail,San Salvador de Jujuy,4600,Argentina
48,88561 Atwood Drive,Ingenio La Esperanza,4503,Argentina
64,55010 Helena Street,La Cesira,5101,Argentina
95,986 Grayhawk Way,General José de San Martín,3155,Argentina
1,99891 Bluejay Lane,Marcos Juárez,2580,Argentina
91,436 Larry Circle,Centenario,8309,Argentina
41,49 Chinook Plaza,Villa Ascasubi,5935,Argentina
61,688 Warbler Street,Río Segundo,5972,Argentina
41,4491 Superior Road,Coihaique,,Chile
34,7642 Pennsylvania Plaza,Puerto Madryn,9120,Argentina
6,0 Northfield Plaza,Rivadavia,3081,Argentina
38,63 Mariners Cove Circle,Carahue,,Chile
57,28 Lighthouse Bay Hill,Freire,,Chile
80,8246 Toban Circle,Las Varas,5941,Argentina
11,3 Shopko Crossing,San Antonio,4503,Argentina
59,7 Anniversary Court,Alejandro Roca,2686,Argentina
40,7 Jenifer Parkway,Chajarí,3228,Argentina
85,12664 Hollow Ridge Alley,Capioví,3334,Argentina
16,0 Orin Point,Embalse,5856,Argentina
10,8179 Pond Hill,General Pinedo,3732,Argentina
21,6770 Susan Avenue,Rafael Perazza,,Uruguay
22,05 Express Court,Talagante,,Chile
44,05529 Vahlen Plaza,Mercedes,,Uruguay
1,9751 Eagan Crossing,Futaleufú,,Chile
56,09 Carberry Circle,Nueve de Julio,3606,Argentina
8,36035 Warbler Crossing,Tandil,7000,Argentina
10,944 Northland Alley,Posadas,3300,Argentina
94,039 Talisman Crossing,General José de San Martín,3155,Argentina
9,56 Heath Crossing,Quimilí,3740,Argentina
57,88 Eagle Crest Way,Daireaux,6555,Argentina
56,67 Prentice Hill,Viña del Mar,,Chile
27,3509 Hayes Park,Paso de los Libres,3230,Argentina
18,4 Maywood Terrace,Trancas,4124,Argentina
21,98346 Bultman Road,Monte Caseros,3220,Argentina
66,815 Helena Avenue,Valle Grande,4513,Argentina
35,648 Brentwood Pass,Zárate,3423,Argentina
97,137 Hagan Trail,Puerto Deseado,9050,Argentina
26,851 Ridgeway Circle,Rosario,4187,Argentina
96,825 Leroy Road,Jesús María,5223,Argentina
85,02 Meadow Valley Road,Gualeguay,2840,Argentina
29,8700 Esch Hill,Las Lajas,5833,Argentina
40,98085 David Junction,General Roca,2592,Argentina
43,7373 Southridge Drive,Villa Atamisqui,4317,Argentina
63,201 Johnson Court,Puerto Iguazú,3370,Argentina
55,3993 Dwight Terrace,Iquique,,Chile
46,9 Delladonna Street,Naschel,5759,Argentina
84,594 Farwell Parkway,Tocopilla,,Chile
38,9 Ruskin Terrace,Gobernador Ingeniero Valentín Virasoro,3342,Argentina
38,057 Anderson Pass,Villa Ocampo,3580,Argentina
86,17 Hooker Place,El Arañado,5947,Argentina
5,4 Sycamore Place,Puerto Natales,,Chile
24,73483 Merry Point,Plottier,8316,Argentina
75,7 7th Place,Ecilda Paullier,,Uruguay
4,35569 Florence Point,Santa Rosa,4618,Argentina
94,55068 Kennedy Circle,Tres Isletas,4129,Argentina
100,9 Dunning Drive,Río Ceballos,5113,Argentina
22,45596 Luster Place,Piquillín,5172,Argentina
80,51 Lindbergh Street,Fray Luis A. Beltrán,2156,Argentina
31,468 Vera Circle,El Monte,,Chile
92,840 East Avenue,Villa La Angostura,8407,Argentina
5,9226 Algoma Hill,Morrison,2568,Argentina
33,92 Clemons Terrace,San Isidro,4124,Argentina
7,53466 Hanson Avenue,Cipolletti,8324,Argentina
16,687 Summit Plaza,Frutillar,,Chile
58,08 Steensland Park,Bernardo de Irigoyen,2248,Argentina
73,94 Mcguire Parkway,Castro Barros,5276,Argentina
17,22437 Cottonwood Hill,San Luis,5209,Argentina
60,112 Gateway Parkway,Ezeiza,1804,Argentina
29,3756 Blue Bill Park Junction,Guatimozín,2625,Argentina
64,6534 Memorial Lane,Villa de Soto,5284,Argentina
88,5 Welch Parkway,Ituzaingó,1718,Argentina
20,0748 Clyde Gallagher Street,Firmat,2630,Argentina
16,16 Carioca Street,Fray Luis A. Beltrán,2156,Argentina
91,30981 Redwing Parkway,Villa Constitución,2919,Argentina
82,342 Troy Junction,Gálvez,2253,Argentina
92,8 Farwell Lane,Los Cóndores,5823,Argentina
45,30 Dahle Circle,Los Cóndores,5823,Argentina
35,14787 South Street,Bell Ville,2550,Argentina
28,55426 Burrows Pass,San José de Mayo,,Uruguay
22,30257 Twin Pines Trail,Río Tercero,5850,Argentina
77,1904 Hagan Crossing,Vallenar,,Chile
85,24470 Eagle Crest Street,Las Toscas,,Uruguay
49,81930 Basil Road,Hacienda La Calera,,Chile
74,5 Harbort Way,Talagante,,Chile
1,0158 Reinke Center,Vera,3550,Argentina
72,49750 Division Plaza,Río Tercero,5850,Argentina
28,1 Amoth Point,Alejandro Roca,2686,Argentina
20,7840 Iowa Point,Olavarría,7400,Argentina
11,4 Holmberg Avenue,Pasco,5925,Argentina
77,05 Jenna Street,San José de Mayo,,Uruguay
43,61269 2nd Terrace,Neuquén,8300,Argentina
35,56 Novick Pass,Alta Gracia,5186,Argentina
98,6 Arapahoe Point,La Paz,5590,Argentina
59,46369 Darwin Plaza,Nueve de Julio,3606,Argentina
88,5 Longview Court,Guernica,1862,Argentina
96,46 Huxley Center,La Unión,,Chile
4,8445 Fisk Junction,Bell Ville,2550,Argentina
14,161 Lotheville Court,Zapala,8340,Argentina
15,790 Wayridge Park,Monteros,4142,Argentina
22,57 Swallow Lane,Tomé,,Chile
67,7 Calypso Crossing,Pocito,6430,Argentina
81,260 Kim Way,Cintra,2559,Argentina
36,33 Columbus Center,Apóstoles,3358,Argentina
73,05 Holy Cross Way,Embarcación,4550,Argentina
49,99090 Westend Drive,San Javier,,Uruguay
56,92 Old Gate Junction,Caucete,5442,Argentina
78,0209 Westend Way,Villa Nueva,5903,Argentina
98,21672 Nobel Alley,Bonpland,3234,Argentina
22,4899 Eggendart Place,Mar del Plata,7600,Argentina
55,0 Lakeland Place,Lincoln,6070,Argentina
48,8 Springview Point,Santiago del Estero,4200,Argentina
6,30232 Moland Alley,Treinta y Tres,,Uruguay
77,8874 Corscot Avenue,Futaleufú,,Chile
32,2034 Russell Hill,La Ensenada,,Chile
7,0918 Mcguire Drive,General Enrique Mosconi,3636,Argentina
75,21654 Center Crossing,Pichilemu,,Chile
10,08855 Porter Road,Chamical,4608,Argentina
47,335 Main Park,Capitán Bermúdez,2156,Argentina
16,529 Lakeland Park,La Viña,4424,Argentina
72,27789 Cottonwood Circle,Mariscala,,Uruguay
67,0621 Ludington Avenue,La Serena,,Chile
22,2 Karstens Street,Allen,8328,Argentina
45,41 Anzinger Place,Valdivia,,Chile
47,2763 Pleasure Pass,Longaví,,Chile
91,8786 Spaight Parkway,Corzuela,3718,Argentina
82,09051 Southridge Pass,Leones,2594,Argentina
46,56330 Park Meadow Point,Federal,3180,Argentina
87,2 Texas Circle,Vicuña,,Chile
71,9724 Pierstorff Junction,Clorinda,3610,Argentina
7,8 Pine View Street,Palpalá,4612,Argentina
92,5 Merrick Park,Machalí,,Chile
91,624 Sunnyside Point,Young,,Uruguay
84,2349 Bluestem Alley,Brea Pozo,4313,Argentina
4,8 Caliangt Park,Zapala,8340,Argentina
10,600 Ryan Terrace,Presidencia Roque Sáenz Peña,2124,Argentina
52,1 Sunfield Trail,Formosa,3600,Argentina
50,1442 Union Lane,San Agustín de Valle Fértil,5449,Argentina
25,13301 Lawn Place,Rinconada,4643,Argentina
93,37 Melody Court,Las Toscas,3586,Argentina
41,0989 Roth Parkway,Arauco,,Chile
71,7 Dorton Place,Vilcún,,Chile
83,23 Sugar Junction,Porvenir,,Uruguay
43,13101 School Pass,Taltal,,Chile
87,537 Summerview Hill,Corralito,5853,Argentina
30,4 Sauthoff Alley,Gualeguay,2840,Argentina
78,04 Bunker Hill Hill,Pehuajó,6451,Argentina
77,2 Ridgeway Hill,Valle Grande,4513,Argentina
22,586 Arrowood Park,Villa Las Rosas,5875,Argentina
73,13 Delladonna Crossing,Pergamino,2700,Argentina
40,81 Drewry Pass,Arroyito,2434,Argentina
100,20668 Mockingbird Lane,Villa Las Rosas,5875,Argentina
97,358 Division Park,La Paz,5590,Argentina
23,481 Springview Alley,Ituzaingó,1718,Argentina
87,08 Anderson Avenue,Monteros,4142,Argentina
86,29022 Sage Pass,General Pico,6360,Argentina
72,8 6th Point,Jesús María,5223,Argentina
79,07 Hintze Terrace,Villa Constitución,2919,Argentina
23,2 Dunning Court,Cafayate,4427,Argentina
48,75363 Buhler Drive,Puerta de Corral Quemado,4751,Argentina
96,47126 8th Drive,Intendente Alvear,6221,Argentina
32,12 Vera Point,Viña del Mar,,Chile
23,898 Barby Court,Mariscala,,Uruguay
8,65679 Ruskin Alley,Cruz de los Milagros,3441,Argentina
38,4965 Express Road,Catriel,8307,Argentina
4,0 Larry Way,Villa Paula de Sarmiento,5413,Argentina
71,46185 Talmadge Pass,Laborde,2657,Argentina
35,9 Stuart Junction,Trinidad,,Uruguay
32,5 Menomonie Avenue,Deán Funes,5613,Argentina
9,93369 Hudson Court,Barra de Carrasco,,Uruguay
27,8 Sauthoff Plaza,Tilcara,4624,Argentina
25,52 Charing Cross Terrace,Presidencia Roque Sáenz Peña,2124,Argentina
74,7148 Knutson Junction,Vallenar,,Chile
84,79955 Melody Court,San Juan,3611,Argentina
98,11 Cascade Street,San Rafael,5600,Argentina
85,1741 Merchant Lane,Santa Rosa,,Uruguay
40,6 Waubesa Point,Libertador General San Martín,4514,Argentina
60,47 Esker Junction,Punta del Este,,Uruguay
24,527 Sunfield Trail,Las Lajas,5833,Argentina
25,104 Pine View Lane,Casilda,2170,Argentina
85,536 Bultman Circle,Vilcún,,Chile
86,29 Tomscot Center,Tala,,Uruguay
26,5262 Glendale Avenue,San Bautista,,Uruguay
35,5 Truax Center,Alejo Ledesma,2662,Argentina
76,81 Jackson Point,Paine,,Chile
21,222 Declaration Drive,Libertador General San Martín,4514,Argentina
25,1772 Sutherland Center,Santa Lucía,5413,Argentina
35,0 Fairview Parkway,Cabrero,,Chile
82,12 Bellgrove Road,Maipú,5517,Argentina
4,12 Dawn Junction,Rauco,,Chile
71,2 Golden Leaf Crossing,Progreso,,Uruguay
75,83226 Cody Place,Pehuajó,6451,Argentina
26,17 Oxford Court,Tomé,,Chile
47,5 Kings Center,General Conesa,8503,Argentina
42,4828 Pennsylvania Parkway,Macachín,5561,Argentina
71,98 Raven Alley,Coihaique,,Chile
14,3966 Vidon Hill,Capayán,4726,Argentina
37,8 Texas Avenue,San Fernando del Valle de Catamarca,4700,Argentina
64,711 Hermina Alley,Jacinto Arauz,8208,Argentina
30,3356 Bartelt Street,Antofagasta,,Chile
57,27 Eagle Crest Avenue,Tostado,4242,Argentina
23,9 Pepper Wood Terrace,Merlo,5881,Argentina
95,881 Cardinal Road,San Juan,3611,Argentina
99,179 Dwight Avenue,James Craik,5984,Argentina
31,52 Bunker Hill Center,Rengo,,Chile
80,9 Kipling Crossing,Lautaro,,Chile
78,2 Swallow Drive,Villa Ángela,3540,Argentina
41,0 Derek Parkway,Ingeniero Guillermo N. Juárez,3636,Argentina
73,50897 Mccormick Lane,Los Juríes,3763,Argentina
11,54774 Russell Road,El Carril,4421,Argentina
68,97 Express Junction,Villa Castelli,5355,Argentina
45,9 Glacier Hill Circle,Vallenar,,Chile
67,769 Lakewood Gardens Junction,General Galarza,2843,Argentina
47,653 Hovde Drive,Carcarañá,2138,Argentina
62,7 Sauthoff Drive,Baltasar Brum,,Uruguay
64,8619 Arrowood Junction,Chajarí,3228,Argentina
72,02 Marquette Plaza,San Salvador de Jujuy,4600,Argentina
87,710 South Drive,Capitán Solari,3515,Argentina
19,3292 Sycamore Park,Ituzaingó,1718,Argentina
72,134 Katie Center,Arias,2624,Argentina
27,4131 Onsgard Pass,Arauco,5311,Argentina
10,6524 Sundown Junction,Capioví,3334,Argentina
78,2430 Brentwood Junction,Buta Ranquil,8353,Argentina
89,27730 Sloan Avenue,Bella Vista,9400,Argentina
30,13 Badeau Road,Lota,,Chile
59,59891 Spohn Alley,San Pedro de Atacama,,Chile
95,6 Fisk Place,Tostado,4242,Argentina
64,7774 North Plaza,Talcahuano,,Chile
73,0 Autumn Leaf Plaza,Cruz de los Milagros,3441,Argentina
66,95 Farragut Park,Yacimiento Río Turbio,1649,Argentina
24,8 Monterey Circle,Buena Esperanza,3454,Argentina
26,9392 Waxwing Parkway,Tres Isletas,4129,Argentina
48,61197 Longview Road,Gualeguaychú,2820,Argentina
41,4020 John Wall Drive,Villa Allende,5105,Argentina
5,52 Kinsman Park,Valcheta,8536,Argentina
20,234 Manitowish Terrace,Luján de Cuyo,5544,Argentina
20,5 Brickson Park Terrace,Laboulaye,5120,Argentina
86,91855 Northland Lane,Marcos Juárez,2580,Argentina
21,12 Kedzie Hill,Tres Arroyos,2445,Argentina
18,44 Dakota Plaza,Jardín América,3332,Argentina
33,00631 Ludington Parkway,San Isidro,4124,Argentina
1,563 Gulseth Junction,Fraile Pintado,4506,Argentina
74,7 Dapin Plaza,Gobernador Costa,9223,Argentina
27,8764 Sutherland Street,Villa Dolores,5870,Argentina
42,9 Ruskin Court,Las Garcitas,3515,Argentina
62,27 Iowa Road,Migues,,Uruguay
52,50529 Elka Pass,Almafuerte,3317,Argentina
74,09 Grasskamp Way,Colonia Aurora,3363,Argentina
94,09 Little Fleur Circle,Embarcación,4550,Argentina
55,55 Green Crossing,Antofagasta,,Chile
4,6846 Kropf Crossing,Santiago Vázquez,,Uruguay
46,862 Village Green Place,Colonia Elisa,3515,Argentina
74,15276 Moulton Street,Miramar,5143,Argentina
12,35 3rd Street,Tartagal,3565,Argentina
15,720 Boyd Street,Viale,3109,Argentina
58,2006 Harbort Circle,Plottier,8316,Argentina
28,4 Northview Point,Pergamino,2700,Argentina
88,638 Hoard Trail,Malvinas Argentinas,5125,Argentina
47,11 Eggendart Parkway,General Enrique Mosconi,3636,Argentina
66,142 Southridge Point,Santo Tomé,3016,Argentina
38,9352 Packers Way,Coté-Lai,3513,Argentina
2,8 Grover Avenue,Longaví,,Chile
6,31 Donald Street,Las Varas,5941,Argentina
11,26 Granby Junction,Antofagasta,,Chile
75,639 Hoepker Crossing,Santiago del Estero,4200,Argentina
45,607 Lyons Alley,Las Garcitas,3515,Argentina
94,686 Waubesa Lane,Jardín América,3332,Argentina
21,8485 Rusk Plaza,Rojas,5246,Argentina
16,47994 Waxwing Hill,Miramar,5143,Argentina
38,348 Bowman Center,Goya,3450,Argentina
25,4887 Village Green Place,La Cesira,5101,Argentina
37,3888 Stang Point,Puerto Esperanza,3378,Argentina
57,49 Acker Road,Rafael Perazza,,Uruguay
79,47639 Debs Plaza,Talca,,Chile
3,0994 Hoepker Alley,La Floresta,,Uruguay
47,048 Hoffman Pass,Bulnes,,Chile
60,95995 Northport Park,Arias,2624,Argentina
5,436 Bartillon Circle,Caleta Olivia,9011,Argentina
75,75 Schiller Center,General Levalle,6132,Argentina
68,5568 Warrior Trail,Rufino,6100,Argentina
85,0334 Dixon Court,Deán Funes,4417,Argentina
7,33 Glacier Hill Circle,Ezeiza,1804,Argentina
13,26 Stephen Park,Castro Barros,5276,Argentina
16,56 South Junction,Corrientes,3400,Argentina
47,9854 Crest Line Trail,Chivilcoy,5571,Argentina
86,2787 Monterey Alley,Comandante Luis Piedra Buena,9303,Argentina
83,029 Pawling Crossing,San Rafael,5600,Argentina
32,981 Summer Ridge Drive,Laprida,4205,Argentina
19,91562 Daystar Terrace,Río Cuarto,6360,Argentina
54,542 Sunnyside Crossing,Tafí Viejo,4105,Argentina
24,1041 Lake View Hill,Cañete,,Chile
81,1 Dunning Junction,Barranqueras,3480,Argentina
90,83 Express Road,Chilecito,3412,Argentina
47,83840 Gateway Lane,Espinillo,3460,Argentina
28,16772 Mitchell Circle,Tupambaé,,Uruguay
11,6292 Muir Junction,Bernardo Larroudé,6220,Argentina
27,233 Hudson Parkway,Guernica,1862,Argentina
61,2403 Canary Plaza,Bella Unión,,Uruguay
48,0 Cascade Crossing,Concepción,,Chile
6,4 Acker Parkway,Tres Arroyos,2445,Argentina
18,0465 Riverside Park,Jacinto Arauz,8208,Argentina
69,24711 Oak Pass,Brandsen,1981,Argentina
43,9 Thierer Street,Cruz Alta,2189,Argentina
38,3694 Evergreen Plaza,Venado Tuerto,2600,Argentina
11,614 Kensington Circle,Cochrane,,Chile
52,1493 Acker Center,Concepción del Uruguay,3260,Argentina
89,4767 Rutledge Crossing,Chilecito,3412,Argentina
61,3402 Russell Road,Sampacho,5829,Argentina
70,5352 Lighthouse Bay Street,San Carlos,,Chile
45,301 Hollow Ridge Junction,Presidencia Roque Sáenz Peña,2124,Argentina
35,2172 Thierer Crossing,Bonpland,3234,Argentina
27,21 Kenwood Trail,Darwin,8364,Argentina
62,195 Clyde Gallagher Plaza,Quilino,5214,Argentina
37,1 4th Plaza,San Felipe,,Chile
15,66 Chive Place,Coté-Lai,3513,Argentina
32,5 Corben Avenue,Dalmacio Vélez Sársfield,5919,Argentina
90,22 Homewood Park,Villa Mercedes,5461,Argentina
59,0314 Rieder Circle,Buta Ranquil,8353,Argentina
67,6 Brown Center,Arroyo Seco,5196,Argentina
19,70 Kennedy Avenue,Villa del Carmen,,Uruguay
67,7388 Dottie Lane,El Arañado,5947,Argentina
37,50 Northland Hill,Llaillay,,Chile
30,953 Upham Trail,Rawson,9103,Argentina
97,36 Loftsgordon Crossing,San Pedro,4500,Argentina
23,94008 Northport Point,Oncativo,5986,Argentina
39,7 Bobwhite Junction,Berón de Astrada,3481,Argentina
92,4 Haas Way,Ituzaingó,1718,Argentina
29,26941 Esch Circle,Villa Santa Rita,4600,Argentina
35,949 Sloan Trail,La Cumbre,6354,Argentina
50,7903 Waywood Junction,El Tabo,,Chile
76,3363 Jenifer Drive,Avellaneda,5212,Argentina
41,846 Amoth Court,Delta del Tigre,,Uruguay
9,7 Harper Circle,Tres Isletas,4000,Argentina
25,40 Sunnyside Pass,Graneros,,Chile
38,275 Crescent Oaks Lane,Río Ceballos,5113,Argentina
91,4045 Bunting Place,Cañada de Gómez,2500,Argentina
25,19 Pepper Wood Parkway,Las Varas,5941,Argentina
54,0830 Packers Circle,Piquillín,5172,Argentina
72,39244 Onsgard Junction,General Guido,7118,Argentina
17,7 Dexter Circle,Vera,3550,Argentina
50,012 Eggendart Terrace,San Carlos,4186,Argentina
74,1 Bartillon Way,Nueva Helvecia,,Uruguay
3,7 Gale Plaza,Famatina,4203,Argentina
8,71 Hoepker Point,Villa Urquiza,4000,Argentina
71,5235 Talisman Point,Maimará,4624,Argentina
28,20428 Eagan Junction,El Monte,,Chile
70,745 Nelson Circle,Florida,,Uruguay
45,56925 Pierstorff Alley,General Manuel J. Campos,6309,Argentina
43,8385 Park Meadow Pass,Santiago Vázquez,,Uruguay
68,2017 Fulton Center,La Banda,5249,Argentina
90,64 Mendota Parkway,Buin,,Chile
58,201 Lindbergh Alley,Alta Gracia,5186,Argentina
38,0 Oriole Place,Sunchales,2322,Argentina
45,74 Acker Avenue,Corral de Bustos,2645,Argentina
49,61375 Northfield Circle,Presidencia Roque Sáenz Peña,2124,Argentina
25,70759 Utah Way,General Vedia,3522,Argentina
31,97029 Thompson Drive,Chiguayante,,Chile
98,89169 Bobwhite Hill,Los Ángeles,,Chile
14,077 Village Green Park,General Viamonte,2671,Argentina
61,7912 Dottie Circle,Santa Catalina,,Uruguay
38,9 Jackson Junction,La Unión,,Chile
7,81793 Kropf Pass,Jardín América,3332,Argentina
61,2 Swallow Point,Aluminé,8203,Argentina
71,0 Colorado Hill,General José de San Martín,3155,Argentina
45,970 Golf Course Place,Ulapes,5473,Argentina
87,93 Stang Road,Puan,8180,Argentina
86,10632 Nevada Court,Tala,,Uruguay
64,078 Prairieview Trail,Rawson,9103,Argentina
80,54064 Duke Trail,Contraalmirante Cordero,8305,Argentina
29,2 Dorton Street,Talcahuano,,Chile
16,6 Bashford Alley,Colonia Elisa,3515,Argentina
58,709 Jenna Hill,Durazno,,Uruguay
64,0 Veith Point,San Isidro,4124,Argentina
21,2201 1st Pass,Tomé,,Chile
90,41788 Weeping Birch Junction,Valdivia,,Chile
40,72 Vahlen Parkway,Pico Truncado,9015,Argentina
93,681 Wayridge Street,Capioví,3334,Argentina
50,50406 Lake View Plaza,Chimbas,5413,Argentina
8,730 Pearson Alley,Tafí del Valle,4137,Argentina
14,4236 Milwaukee Trail,San Bernardo,,Chile
2,012 Grim Terrace,Las Varas,5941,Argentina
81,88 Tennyson Way,Laguna Limpia,3515,Argentina
49,3 Vahlen Lane,Iquique,,Chile
79,13399 East Road,Presidencia Roque Sáenz Peña,2124,Argentina
93,54840 Sutherland Alley,Loncoche,,Chile
85,93539 Cottonwood Circle,Salto,,Uruguay
60,9261 Fuller Terrace,Chillán,,Chile
58,66 Cody Drive,Villa Las Rosas,5875,Argentina
10,993 Pennsylvania Avenue,Río Ceballos,5113,Argentina
64,184 Grover Avenue,General Lavalle,7103,Argentina
59,562 Swallow Center,Pehuajó,6451,Argentina
39,8 Morningstar Way,Dolavón,5531,Argentina
38,03 Lakewood Plaza,Mariscala,,Uruguay
49,800 Erie Point,Quitilipi,3530,Argentina
65,552 Montana Street,General Roca,2592,Argentina
15,07 Di Loreto Parkway,Villarrica,,Chile
80,47432 Ramsey Terrace,Punta Arenas,,Chile
12,1611 Lawn Junction,Curuzú Cuatiá,3466,Argentina
45,43 Schurz Avenue,Veinticinco de Mayo,8201,Argentina
41,23863 Messerschmidt Alley,La Viña,4424,Argentina
73,5 Almo Parkway,Villa Cañás,2607,Argentina
29,0512 Canary Court,General Manuel J. Campos,6309,Argentina
55,1 Daystar Circle,Médanos,8134,Argentina
99,98976 Moland Parkway,Hermoso Campo,3733,Argentina
66,99931 Bellgrove Terrace,Corralito,5853,Argentina
3,763 Forest Dale Hill,General Arenales,6005,Argentina
13,1326 North Drive,Rosario de Lerma,4405,Argentina
2,9 Barby Center,La Paz,,Uruguay
17,07512 Dexter Crossing,Inriville,2587,Argentina
92,935 Luster Road,San Antonio,4503,Argentina
95,3355 Petterle Trail,Olavarría,7400,Argentina
40,68385 Sommers Place,Gobernador Gálvez,2124,Argentina
47,6 Union Pass,Tilcara,4624,Argentina
23,3292 Dryden Pass,La Serena,,Chile
48,4 Stone Corner Hill,General José de San Martín,3155,Argentina
42,35 Grasskamp Drive,Las Varillas,5940,Argentina
17,4 Jackson Crossing,La Paz,5590,Argentina
40,7123 Magdeline Junction,Totoras,2144,Argentina
23,4 Novick Alley,Quebracho,,Uruguay
51,13 Pepper Wood Park,San Clemente,,Chile
1,874 Anderson Parkway,Villa Lugano,5439,Argentina
60,3 Amoth Trail,General Galarza,2843,Argentina
89,87168 Bobwhite Parkway,Tupambaé,,Uruguay
65,5 Loomis Hill,Chimbas,5413,Argentina
73,88 Granby Court,Malvinas Argentinas,5125,Argentina
71,2028 Mosinee Court,Cafayate,4427,Argentina
32,52535 Armistice Avenue,San Roque,4630,Argentina
49,78 Kropf Way,Ushuaia,9410,Argentina
3,1295 Prairieview Road,Machalí,,Chile
10,18 Muir Alley,General Viamonte,2671,Argentina
22,03 Dorton Avenue,Tres Arroyos,2445,Argentina
39,6 6th Terrace,Resistencia,3500,Argentina
70,7932 David Avenue,La Plata,5713,Argentina
90,26705 Harbort Place,Azul,7300,Argentina
46,662 Boyd Parkway,Ciervo Petiso,3515,Argentina
88,3 Nelson Pass,San José de Jáchal,5461,Argentina
41,7301 Magdeline Crossing,Young,,Uruguay
79,7939 Oxford Crossing,Embajador Martini,6203,Argentina
43,7658 Loomis Road,Plottier,8316,Argentina
35,84 Kim Point,Cañada de Gómez,2500,Argentina
30,14879 Lindbergh Plaza,Linares,,Chile
60,990 Thackeray Trail,Tala,,Uruguay
52,7 Elka Junction,Rojas,5246,Argentina
52,12 Mandrake Alley,Villa Lugano,5439,Argentina
27,45776 Springs Crossing,Las Breñas,3722,Argentina
65,69 Steensland Pass,Catriel,8307,Argentina
18,4 Utah Alley,Chavarría,3474,Argentina
58,5176 Merry Plaza,Almafuerte,3317,Argentina
40,33 Prentice Point,La Francia,2426,Argentina
48,618 Dwight Avenue,Puerto Aisén,,Chile
39,3 Katie Park,Miramar,5143,Argentina
16,703 Hermina Park,Las Higueras,5385,Argentina
76,8 Lakeland Road,Limache,,Chile
37,26480 Eggendart Hill,Costa Sacate,5961,Argentina
63,6699 Toban Terrace,La Viña,4424,Argentina
18,71 Sheridan Circle,Buenos Aires,1871,Argentina
21,75979 Menomonie Place,Arauco,5311,Argentina
6,84 Scoville Parkway,Vergara,,Uruguay
46,76 Portage Street,Juan L. Lacaze,,Uruguay
84,8363 Beilfuss Road,La Unión,,Chile
77,8 Dorton Junction,Cosquín,5166,Argentina
40,25 Burrows Alley,Diamante,3105,Argentina
33,1086 Johnson Point,Tostado,4242,Argentina
51,5 Columbus Trail,Caleufú,6387,Argentina
18,77 Thompson Drive,San Luis,5209,Argentina
46,1138 Claremont Court,Bulnes,,Chile
68,547 Summer Ridge Pass,Bella Unión,,Uruguay
13,08257 Washington Point,Florida,,Uruguay
4,535 Scofield Place,Fray Luis A. Beltrán,2156,Argentina
30,63 Quincy Parkway,Cerro Colorado,,Uruguay
84,97 Dixon Junction,Venado Tuerto,2600,Argentina
70,3 Anderson Plaza,Lobos,7240,Argentina
4,66 Buell Pass,Avellaneda,5212,Argentina
68,17211 Express Trail,Puerto Deseado,9050,Argentina
89,15278 Columbus Trail,Las Garcitas,3515,Argentina
83,16083 Prairieview Plaza,Necochea,7630,Argentina
82,0080 Petterle Pass,Talca,,Chile
